2022-10-19,dung
2022-10-20,dung
2022-10-21,dung
2022-10-22,dung
2022-10-23,dung
2022-10-22,dung
2022-10-21,dung
2022-10-20,dung
2022-10-19,dung
2022-10-18,dung
2022-10-17,dung
2022-10-16,dung
2022-10-15,dung
2022-10-14,dung
2022-10-13,dung
2022-10-12,dung
2022-10-11,dung
2022-10-10,dung
2022-10-9,dung
2022-10-8,dung
2022-10-7,dung
2022-10-6,dung
2022-10-5,dung
2022-10-4,dung
2022-10-3,dung
2022-10-2,dung
2022-10-1,dung
2022-100,dung
2022-101,dung
2022-102,dung
2022-103,dung
2022-104,dung
2022-103,dung
2022-102,dung
2022-101,dung
2022-100,dung
2022-99,dung
2022-98,dung
2022-97,dung
